<keymap version="1" name="Eclipse (Mac OS X) copy" parent="Eclipse (Mac OS X)">
  <action id="ActivateMessagesToolWindow" />
  <action id="Android.HotswapChanges">
    <keyboard-shortcut first-keystroke="meta f10" />
  </action>
  <action id="CleanGradleProject">
    <keyboard-shortcut first-keystroke="shift meta k" />
  </action>
  <action id="CollapseAll">
    <keyboard-shortcut first-keystroke="meta subtract" />
  </action>
  <action id="CollapseRegion">
    <keyboard-shortcut first-keystroke="meta subtract" />
  </action>
  <action id="CompileDirty" />
  <action id="Debug">
    <keyboard-shortcut first-keystroke="meta r" />
  </action>
  <action id="EditorDecreaseFontSize">
    <keyboard-shortcut first-keystroke="meta minus" />
  </action>
  <action id="EditorIncreaseFontSize">
    <keyboard-shortcut first-keystroke="meta equals" />
  </action>
  <action id="EditorResetFontSize">
    <keyboard-shortcut first-keystroke="meta 0" />
  </action>
  <action id="ExpandAll">
    <keyboard-shortcut first-keystroke="meta add" />
  </action>
  <action id="ExpandRegion">
    <keyboard-shortcut first-keystroke="meta add" />
  </action>
  <action id="FileStructurePopup" />
  <action id="Find">
    <keyboard-shortcut first-keystroke="meta f" />
  </action>
  <action id="FindInPath">
    <keyboard-shortcut first-keystroke="ctrl h" />
    <keyboard-shortcut first-keystroke="shift meta h" />
  </action>
  <action id="FindPrevious" />
  <action id="GotoDeclaration">
    <keyboard-shortcut first-keystroke="f3" />
    <mouse-shortcut keystroke="control button1" />
    <mouse-shortcut keystroke="meta button1" />
  </action>
  <action id="IntroduceField" />
  <action id="MethodHierarchy" />
  <action id="MethodHierarchy.BaseOnThisType" />
  <action id="OverrideMethods">
    <keyboard-shortcut first-keystroke="meta o" />
  </action>
  <action id="PasteMultiple" />
  <action id="RebuildGradleProject">
    <keyboard-shortcut first-keystroke="meta b" />
  </action>
  <action id="Replace">
    <keyboard-shortcut first-keystroke="meta alt f" />
  </action>
  <action id="RerunTests">
    <keyboard-shortcut first-keystroke="shift alt r" />
  </action>
  <action id="Run">
    <keyboard-shortcut first-keystroke="ctrl meta r" />
  </action>
  <action id="RunToCursor" />
  <action id="SearchEverywhere">
    <keyboard-shortcut first-keystroke="shift meta s" />
  </action>
  <action id="SplitVertically">
    <keyboard-shortcut first-keystroke="shift meta v" />
  </action>
  <action id="SwitchApply">
    <keyboard-shortcut first-keystroke="ctrl alt enter" />
  </action>
  <action id="SwitchDown">
    <keyboard-shortcut first-keystroke="ctrl alt down" />
  </action>
  <action id="SwitchLeft">
    <keyboard-shortcut first-keystroke="ctrl alt left" />
  </action>
  <action id="SwitchRight">
    <keyboard-shortcut first-keystroke="ctrl alt right" />
  </action>
  <action id="SwitchUp">
    <keyboard-shortcut first-keystroke="ctrl alt up" />
  </action>
  <action id="Vcs.Push" />
  <action id="android.deploy.ApplyChanges">
    <keyboard-shortcut first-keystroke="ctrl meta r" />
  </action>
  <action id="android.deploy.CodeSwap">
    <keyboard-shortcut first-keystroke="shift ctrl meta r" />
  </action>
</keymap>